<?xml version="1.0" encoding="UTF-8" ?>
<!DOCTYPE mapper PUBLIC "-//mybatis.org//DTO Mapper 3.0//EN"
        "http://mybatis.org/dtd/mybatis-3-mapper.dtd">

<mapper namespace="com.example.user.mapper.UserMapper">
    <select id="findAll" resultType="com.example.user.dto.UserDto">
        SELECT USERID
             , USERNAME
        FROM USER
        ORDER BY USERID DESC
    </select>

    <select id="findById" parameterType="String" resultType="com.example.user.dto.UserDto">
        SELECT USERID
             , USERNAME
        FROM USER
        WHERE USERID = #{userid}
    </select>

    <insert id="save" parameterType="com.example.user.dto.UserDto"
            useGeneratedKeys="true" keyProperty="userid">
        INSERT
        INTO USER (USERID
                   , USERNAME)
        VALUES (#{userid}
               , #{username})
    </insert>

    <update id="update" parameterType="com.example.user.dto.UserDto">
        UPDATE USER
        SET USERNAME = #{username}
        WHERE USERID = #{userid}
    </update>

    <delete id="deleteById" parameterType="String">
        DELETE
        FROM USER
        WHERE USERID = #{userid}
    </delete>
</mapper>